target_id,target_approved_symbol,disease_id,disease_name,genetic_association_score_Indirect_and_direct
ENSG00000164512,ANKRD55,EFO_0000685,rheumatoid arthritis,0.885187873
ENSG00000175354,PTPN2,EFO_0000685,rheumatoid arthritis,0.846630802
ENSG00000172575,RASGRP1,EFO_0000685,rheumatoid arthritis,0.82944
ENSG00000150347,ARID5B,EFO_0000685,rheumatoid arthritis,0.792187166
ENSG00000198369,SPRED2,EFO_0000685,rheumatoid arthritis,0.789213784
ENSG00000144218,AFF3,EFO_0000685,rheumatoid arthritis,0.785458112
ENSG00000164307,ERAP1,EFO_0000685,rheumatoid arthritis,0.785186867
ENSG00000112486,CCR6,EFO_0000685,rheumatoid arthritis,0.779736755
ENSG00000138378,STAT4,EFO_0000685,rheumatoid arthritis,0.779725245
ENSG00000134460,IL2RA,EFO_0000685,rheumatoid arthritis,0.769064113
ENSG00000007171,NOS2,EFO_0000685,rheumatoid arthritis,0.761519022
ENSG00000118503,TNFAIP3,EFO_0000685,rheumatoid arthritis,0.755357616
ENSG00000112182,BACH2,EFO_0000685,rheumatoid arthritis,0.755043118
ENSG00000159339,PADI4,EFO_0000685,rheumatoid arthritis,0.754717723
ENSG00000162924,REL,EFO_0000685,rheumatoid arthritis,0.744727829
ENSG00000140968,IRF8,EFO_0000685,rheumatoid arthritis,0.740402903
ENSG00000178562,CD28,EFO_0000685,rheumatoid arthritis,0.739821426
ENSG00000117115,PADI2,EFO_0000685,rheumatoid arthritis,0.739229977
ENSG00000153814,JAZF1,EFO_0000685,rheumatoid arthritis,0.731780795
ENSG00000150637,CD226,EFO_0000685,rheumatoid arthritis,0.72874801
ENSG00000163599,CTLA4,EFO_0000685,rheumatoid arthritis,0.726592377
ENSG00000101017,CD40,EFO_0000685,rheumatoid arthritis,0.72400325
ENSG00000113302,IL12B,EFO_0000685,rheumatoid arthritis,0.718638525
ENSG00000170340,B3GNT2,EFO_0000685,rheumatoid arthritis,0.714528842
ENSG00000107485,GATA3,EFO_0000685,rheumatoid arthritis,0.705135412
ENSG00000163508,EOMES,EFO_0000685,rheumatoid arthritis,0.704960266
ENSG00000140030,GPR65,EFO_0000685,rheumatoid arthritis,0.704609225
ENSG00000136573,BLK,EFO_0000685,rheumatoid arthritis,0.69357564
ENSG00000119919,NKX2-3,EFO_0000685,rheumatoid arthritis,0.691726255
ENSG00000203963,C1orf141,EFO_0000685,rheumatoid arthritis,0.691612972
ENSG00000160185,UBASH3A,EFO_0000685,rheumatoid arthritis,0.690453968
ENSG00000065675,PRKCQ,EFO_0000685,rheumatoid arthritis,0.688717649
ENSG00000213626,LBH,EFO_0000685,rheumatoid arthritis,0.686550889
ENSG00000164691,TAGAP,EFO_0000685,rheumatoid arthritis,0.683982398
ENSG00000174125,TLR1,EFO_0000685,rheumatoid arthritis,0.683922147
ENSG00000117586,TNFSF4,EFO_0000685,rheumatoid arthritis,0.68350229
ENSG00000182010,RTKN2,EFO_0000685,rheumatoid arthritis,0.682417898
ENSG00000182185,RAD51B,EFO_0000685,rheumatoid arthritis,0.680495131
ENSG00000056558,TRAF1,EFO_0000685,rheumatoid arthritis,0.679999965
ENSG00000134954,ETS1,EFO_0000685,rheumatoid arthritis,0.679129279
ENSG00000181634,TNFSF15,EFO_0000685,rheumatoid arthritis,0.675910125
ENSG00000081985,IL12RB2,EFO_0000685,rheumatoid arthritis,0.672549094
ENSG00000100321,SYNGR1,EFO_0000685,rheumatoid arthritis,0.668737359
ENSG00000166266,CUL5,EFO_0000685,rheumatoid arthritis,0.667451374
ENSG00000128604,IRF5,EFO_0000685,rheumatoid arthritis,0.66434432
ENSG00000133103,COG6,EFO_0000685,rheumatoid arthritis,0.658571566
ENSG00000166949,SMAD3,EFO_0000685,rheumatoid arthritis,0.650301664
ENSG00000185668,POU3F1,EFO_0000685,rheumatoid arthritis,0.646216849
ENSG00000133789,SWAP70,EFO_0000685,rheumatoid arthritis,0.645417645
ENSG00000160712,IL6R,EFO_0000685,rheumatoid arthritis,0.642551113
ENSG00000076554,TPD52,EFO_0000685,rheumatoid arthritis,0.640685886
ENSG00000154822,PLCL2,EFO_0000685,rheumatoid arthritis,0.638911889
ENSG00000160856,FCRL3,EFO_0000685,rheumatoid arthritis,0.633568524
ENSG00000111252,SH2B3,EFO_0000685,rheumatoid arthritis,0.63003735
ENSG00000134242,PTPN22,EFO_0000685,rheumatoid arthritis,0.630003813
ENSG00000153093,ACOXL,EFO_0000685,rheumatoid arthritis,0.628277628
ENSG00000112149,CD83,EFO_0000685,rheumatoid arthritis,0.627260136
ENSG00000020633,RUNX3,EFO_0000685,rheumatoid arthritis,0.624050718
ENSG00000197635,DPP4,EFO_0000685,rheumatoid arthritis,0.622677097
ENSG00000163362,INAVA,EFO_0000685,rheumatoid arthritis,0.621086921
ENSG00000183621,ZNF438,EFO_0000685,rheumatoid arthritis,0.616570569
ENSG00000185811,IKZF1,EFO_0000685,rheumatoid arthritis,0.615572031
ENSG00000182095,TNRC18,EFO_0000685,rheumatoid arthritis,0.61191922
ENSG00000138386,NAB1,EFO_0000685,rheumatoid arthritis,0.61165559
ENSG00000136244,IL6,EFO_0000685,rheumatoid arthritis,0.607930798
ENSG00000240972,MIF,EFO_0000685,rheumatoid arthritis,0.607930798
ENSG00000226979,LTA,EFO_0000685,rheumatoid arthritis,0.607930798
ENSG00000232810,TNF,EFO_0000685,rheumatoid arthritis,0.607930798
ENSG00000109684,CLNK,EFO_0000685,rheumatoid arthritis,0.60586119
ENSG00000162927,PUS10,EFO_0000685,rheumatoid arthritis,0.603368269
ENSG00000177468,OLIG3,EFO_0000685,rheumatoid arthritis,0.601871731
ENSG00000034677,RNF19A,EFO_0000685,rheumatoid arthritis,0.596216214
ENSG00000100906,NFKBIA,EFO_0000685,rheumatoid arthritis,0.59616726
ENSG00000168214,RBPJ,EFO_0000685,rheumatoid arthritis,0.593311756
ENSG00000147138,GPR174,EFO_0000685,rheumatoid arthritis,0.591473662
ENSG00000056972,TRAF3IP2,EFO_0000685,rheumatoid arthritis,0.58801981
ENSG00000143226,FCGR2A,EFO_0000685,rheumatoid arthritis,0.587926708
ENSG00000178623,GPR35,EFO_0000685,rheumatoid arthritis,0.587918203
ENSG00000234745,HLA-B,EFO_0000685,rheumatoid arthritis,0.583303302
ENSG00000115896,PLCL1,EFO_0000685,rheumatoid arthritis,0.583280832
ENSG00000178175,ZNF366,EFO_0000685,rheumatoid arthritis,0.583199028
ENSG00000083307,GRHL2,EFO_0000685,rheumatoid arthritis,0.579928158
ENSG00000146232,NFKBIE,EFO_0000685,rheumatoid arthritis,0.578066743
ENSG00000117592,PRDX6,EFO_0000685,rheumatoid arthritis,0.572921546
ENSG00000204520,MICA,EFO_0000685,rheumatoid arthritis,0.572504837
ENSG00000181751,MACIR,EFO_0000685,rheumatoid arthritis,0.566156836
ENSG00000142606,MMEL1,EFO_0000685,rheumatoid arthritis,0.563974803
ENSG00000179583,CIITA,EFO_0000685,rheumatoid arthritis,0.55981398
ENSG00000159128,IFNGR2,EFO_0000685,rheumatoid arthritis,0.559322176
ENSG00000155034,FBXL18,EFO_0000685,rheumatoid arthritis,0.555275562
ENSG00000162594,IL23R,EFO_0000685,rheumatoid arthritis,0.555192534
ENSG00000135605,TEC,EFO_0000685,rheumatoid arthritis,0.553897291
ENSG00000166501,PRKCB,EFO_0000685,rheumatoid arthritis,0.553278416
ENSG00000138772,ANXA3,EFO_0000685,rheumatoid arthritis,0.551645472
ENSG00000204525,HLA-C,EFO_0000685,rheumatoid arthritis,0.550861657
ENSG00000196811,CHRNG,EFO_0000685,rheumatoid arthritis,0.547137718
ENSG00000204498,NFKBIL1,EFO_0000685,rheumatoid arthritis,0.547137718
ENSG00000196126,HLA-DRB1,EFO_0000685,rheumatoid arthritis,0.54508277
ENSG00000136869,TLR4,EFO_0000685,rheumatoid arthritis,0.543972605
ENSG00000128815,WDFY4,EFO_0000685,rheumatoid arthritis,0.541584249
ENSG00000138795,LEF1,EFO_0000685,rheumatoid arthritis,0.541364374
ENSG00000067182,TNFRSF1A,EFO_0000685,rheumatoid arthritis,0.539579419
ENSG00000145623,OSMR,EFO_0000685,rheumatoid arthritis,0.538420022
ENSG00000010030,ETV7,EFO_0000685,rheumatoid arthritis,0.535913359
ENSG00000188906,LRRK2,EFO_0000685,rheumatoid arthritis,0.533532542
ENSG00000136861,CDK5RAP2,EFO_0000685,rheumatoid arthritis,0.531984072
ENSG00000057663,ATG5,EFO_0000685,rheumatoid arthritis,0.530266481
ENSG00000096433,ITPR3,EFO_0000685,rheumatoid arthritis,0.530242934
ENSG00000155749,FLACC1,EFO_0000685,rheumatoid arthritis,0.530203088
ENSG00000145996,CDKAL1,EFO_0000685,rheumatoid arthritis,0.527638875
ENSG00000163171,CDC42EP3,EFO_0000685,rheumatoid arthritis,0.525226314
ENSG00000078589,P2RY10,EFO_0000685,rheumatoid arthritis,0.522730739
ENSG00000131196,NFATC1,EFO_0000685,rheumatoid arthritis,0.520641835
ENSG00000155849,ELMO1,EFO_0000685,rheumatoid arthritis,0.520574039
ENSG00000197208,SLC22A4,EFO_0000685,rheumatoid arthritis,0.520502566
ENSG00000081059,TCF7,EFO_0000685,rheumatoid arthritis,0.519377425
ENSG00000013725,CD6,EFO_0000685,rheumatoid arthritis,0.519164876
ENSG00000163689,CFAP20DC,EFO_0000685,rheumatoid arthritis,0.51897011
ENSG00000027075,PRKCH,EFO_0000685,rheumatoid arthritis,0.518751583
ENSG00000116833,NR5A2,EFO_0000685,rheumatoid arthritis,0.518279027
ENSG00000116824,CD2,EFO_0000685,rheumatoid arthritis,0.518140825
ENSG00000141068,KSR1,EFO_0000685,rheumatoid arthritis,0.517659364
ENSG00000160223,ICOSLG,EFO_0000685,rheumatoid arthritis,0.514029469
ENSG00000120337,TNFSF18,EFO_0000685,rheumatoid arthritis,0.512189416
ENSG00000153310,CYRIB,EFO_0000685,rheumatoid arthritis,0.511254268
ENSG00000112337,SLC17A2,EFO_0000685,rheumatoid arthritis,0.510734339
ENSG00000148513,ANKRD30A,EFO_0000685,rheumatoid arthritis,0.510175972
ENSG00000242574,HLA-DMB,EFO_0000685,rheumatoid arthritis,0.507506023
ENSG00000167207,NOD2,EFO_0000685,rheumatoid arthritis,0.507301519
ENSG00000112977,DAP,EFO_0000685,rheumatoid arthritis,0.505696277
ENSG00000121281,ADCY7,EFO_0000685,rheumatoid arthritis,0.499124109
ENSG00000079691,CARMIL1,EFO_0000685,rheumatoid arthritis,0.497431838
ENSG00000115604,IL18R1,EFO_0000685,rheumatoid arthritis,0.49617559
ENSG00000197818,SLC9A8,EFO_0000685,rheumatoid arthritis,0.495681157
ENSG00000204516,MICB,EFO_0000685,rheumatoid arthritis,0.493599838
ENSG00000258986,TMEM179,EFO_0000685,rheumatoid arthritis,0.489844958
ENSG00000125347,IRF1,EFO_0000685,rheumatoid arthritis,0.487532164
ENSG00000109320,NFKB1,EFO_0000685,rheumatoid arthritis,0.486835274
ENSG00000153064,BANK1,EFO_0000685,rheumatoid arthritis,0.485934315
ENSG00000124203,ZNF831,EFO_0000685,rheumatoid arthritis,0.485214351
ENSG00000122877,EGR2,EFO_0000685,rheumatoid arthritis,0.484697868
ENSG00000170525,PFKFB3,EFO_0000685,rheumatoid arthritis,0.484382056
ENSG00000179630,LACC1,EFO_0000685,rheumatoid arthritis,0.48245404
ENSG00000196735,HLA-DQA1,EFO_0000685,rheumatoid arthritis,0.477043928
ENSG00000176920,FUT2,EFO_0000685,rheumatoid arthritis,0.476813559
ENSG00000054983,GALC,EFO_0000685,rheumatoid arthritis,0.476607071
ENSG00000153066,TXNDC11,EFO_0000685,rheumatoid arthritis,0.476224294
ENSG00000130226,DPP6,EFO_0000685,rheumatoid arthritis,0.475969733
ENSG00000103154,NECAB2,EFO_0000685,rheumatoid arthritis,0.470779071
ENSG00000186075,ZPBP2,EFO_0000685,rheumatoid arthritis,0.470115542
ENSG00000117114,ADGRL2,EFO_0000685,rheumatoid arthritis,0.467908639
ENSG00000166428,PLD4,EFO_0000685,rheumatoid arthritis,0.467638545
ENSG00000140575,IQGAP1,EFO_0000685,rheumatoid arthritis,0.466926947
ENSG00000197123,ZNF679,EFO_0000685,rheumatoid arthritis,0.465825026
ENSG00000145901,TNIP1,EFO_0000685,rheumatoid arthritis,0.465760009
ENSG00000085978,ATG16L1,EFO_0000685,rheumatoid arthritis,0.465528248
ENSG00000030110,BAK1,EFO_0000685,rheumatoid arthritis,0.46376507
ENSG00000151693,ASAP2,EFO_0000685,rheumatoid arthritis,0.459462543
ENSG00000173064,HECTD4,EFO_0000685,rheumatoid arthritis,0.458690083
ENSG00000057657,PRDM1,EFO_0000685,rheumatoid arthritis,0.458229911
ENSG00000160224,AIRE,EFO_0000685,rheumatoid arthritis,0.458120059
ENSG00000095110,NXPE1,EFO_0000685,rheumatoid arthritis,0.45802008
ENSG00000138031,ADCY3,EFO_0000685,rheumatoid arthritis,0.457903728
ENSG00000187796,CARD9,EFO_0000685,rheumatoid arthritis,0.456698131
ENSG00000048740,CELF2,EFO_0000685,rheumatoid arthritis,0.456403289
ENSG00000204356,NELFE,EFO_0000685,rheumatoid arthritis,0.456173034
ENSG00000107968,MAP3K8,EFO_0000685,rheumatoid arthritis,0.455536137
ENSG00000064419,TNPO3,EFO_0000685,rheumatoid arthritis,0.453995474
ENSG00000081237,PTPRC,EFO_0000685,rheumatoid arthritis,0.45194846
ENSG00000149289,ZC3H12C,EFO_0000685,rheumatoid arthritis,0.451330405
ENSG00000181915,ADO,EFO_0000685,rheumatoid arthritis,0.451315684
ENSG00000061273,HDAC7,EFO_0000685,rheumatoid arthritis,0.450024283
ENSG00000170279,C7orf33,EFO_0000685,rheumatoid arthritis,0.447564255
ENSG00000105397,TYK2,EFO_0000685,rheumatoid arthritis,0.447440113
ENSG00000186889,TMEM17,EFO_0000685,rheumatoid arthritis,0.444924915
ENSG00000077935,SMC1B,EFO_0000685,rheumatoid arthritis,0.444250682
ENSG00000187987,ZSCAN23,EFO_0000685,rheumatoid arthritis,0.442486332
ENSG00000042286,AIFM2,EFO_0000685,rheumatoid arthritis,0.441138251
ENSG00000009413,REV3L,EFO_0000685,rheumatoid arthritis,0.440199824
ENSG00000108691,CCL2,EFO_0000685,rheumatoid arthritis,0.439976251
ENSG00000176635,HORMAD2,EFO_0000685,rheumatoid arthritis,0.438662418
ENSG00000104312,RIPK2,EFO_0000685,rheumatoid arthritis,0.438545203
ENSG00000204278,TMEM235,EFO_0000685,rheumatoid arthritis,0.437465819
ENSG00000237693,IRGM,EFO_0000685,rheumatoid arthritis,0.436400962
ENSG00000100376,FAM118A,EFO_0000685,rheumatoid arthritis,0.436379552
ENSG00000096968,JAK2,EFO_0000685,rheumatoid arthritis,0.434845848
ENSG00000091140,DLD,EFO_0000685,rheumatoid arthritis,0.433904015
ENSG00000184677,ZBTB40,EFO_0000685,rheumatoid arthritis,0.433820057
ENSG00000049249,TNFRSF9,EFO_0000685,rheumatoid arthritis,0.433024566
ENSG00000124568,SLC17A1,EFO_0000685,rheumatoid arthritis,0.43162834
ENSG00000146535,GNA12,EFO_0000685,rheumatoid arthritis,0.431485766
ENSG00000178828,RNF186,EFO_0000685,rheumatoid arthritis,0.428910654
ENSG00000146221,TCTE1,EFO_0000685,rheumatoid arthritis,0.428251869
ENSG00000133195,SLC39A11,EFO_0000685,rheumatoid arthritis,0.428053866
ENSG00000116852,KIF21B,EFO_0000685,rheumatoid arthritis,0.423944462
ENSG00000185650,ZFP36L1,EFO_0000685,rheumatoid arthritis,0.42243802
ENSG00000075426,FOSL2,EFO_0000685,rheumatoid arthritis,0.418542192
ENSG00000159200,RCAN1,EFO_0000685,rheumatoid arthritis,0.417320512
ENSG00000185436,IFNLR1,EFO_0000685,rheumatoid arthritis,0.416812962
ENSG00000244255,ENSG00000244255,EFO_0000685,rheumatoid arthritis,0.41646371
ENSG00000116288,PARK7,EFO_0000685,rheumatoid arthritis,0.415118914
ENSG00000157873,TNFRSF14,EFO_0000685,rheumatoid arthritis,0.414476325
ENSG00000164332,UBLCP1,EFO_0000685,rheumatoid arthritis,0.414343649
ENSG00000183527,PSMG1,EFO_0000685,rheumatoid arthritis,0.414005955
ENSG00000133661,SFTPD,EFO_0000685,rheumatoid arthritis,0.413084619
ENSG00000168297,PXK,EFO_0000685,rheumatoid arthritis,0.412979525
ENSG00000173334,TRIB1,EFO_0000685,rheumatoid arthritis,0.412205256
ENSG00000185567,AHNAK2,EFO_0000685,rheumatoid arthritis,0.412134281
ENSG00000163297,ANTXR2,EFO_0000685,rheumatoid arthritis,0.412043464
ENSG00000113441,LNPEP,EFO_0000685,rheumatoid arthritis,0.411787714
ENSG00000168875,SOX14,EFO_0000685,rheumatoid arthritis,0.411739883
ENSG00000128228,SDF2L1,EFO_0000685,rheumatoid arthritis,0.411220339
ENSG00000137507,LRRC32,EFO_0000685,rheumatoid arthritis,0.409305999
ENSG00000053108,FSTL4,EFO_0000685,rheumatoid arthritis,0.407625632
ENSG00000143061,IGSF3,EFO_0000685,rheumatoid arthritis,0.403903567
ENSG00000108179,PPIF,EFO_0000685,rheumatoid arthritis,0.403583149
ENSG00000197272,IL27,EFO_0000685,rheumatoid arthritis,0.40263426
ENSG00000170035,UBE2E3,EFO_0000685,rheumatoid arthritis,0.402229437
ENSG00000143365,RORC,EFO_0000685,rheumatoid arthritis,0.399755644
ENSG00000204290,BTNL2,EFO_0000685,rheumatoid arthritis,0.398507451
ENSG00000111537,IFNG,EFO_0000685,rheumatoid arthritis,0.397694424
ENSG00000180871,CXCR2,EFO_0000685,rheumatoid arthritis,0.396921847
ENSG00000204267,TAP2,EFO_0000685,rheumatoid arthritis,0.394056774
ENSG00000137265,IRF4,EFO_0000685,rheumatoid arthritis,0.393430567
ENSG00000164325,TMEM174,EFO_0000685,rheumatoid arthritis,0.392422412
ENSG00000189357,SPATA31D4,EFO_0000685,rheumatoid arthritis,0.390781488
ENSG00000105810,CDK6,EFO_0000685,rheumatoid arthritis,0.38870813
ENSG00000134532,SOX5,EFO_0000685,rheumatoid arthritis,0.38849202
ENSG00000124766,SOX4,EFO_0000685,rheumatoid arthritis,0.388412411
ENSG00000168610,STAT3,EFO_0000685,rheumatoid arthritis,0.387673787
ENSG00000161179,YDJC,EFO_0000685,rheumatoid arthritis,0.384665751
ENSG00000011485,PPP5C,EFO_0000685,rheumatoid arthritis,0.380222608
ENSG00000174989,FBXW8,EFO_0000685,rheumatoid arthritis,0.376416649
ENSG00000137710,RDX,EFO_0000685,rheumatoid arthritis,0.375207389
ENSG00000179914,ITLN1,EFO_0000685,rheumatoid arthritis,0.37504336
ENSG00000100311,PDGFB,EFO_0000685,rheumatoid arthritis,0.372409127
ENSG00000079263,SP140,EFO_0000685,rheumatoid arthritis,0.372210179
ENSG00000137077,CCL21,EFO_0000685,rheumatoid arthritis,0.371373255
ENSG00000128641,MYO1B,EFO_0000685,rheumatoid arthritis,0.369684475
ENSG00000076662,ICAM3,EFO_0000685,rheumatoid arthritis,0.369356846
ENSG00000151702,FLI1,EFO_0000685,rheumatoid arthritis,0.36743688
ENSG00000177119,ANO6,EFO_0000685,rheumatoid arthritis,0.366999079
ENSG00000005020,SKAP2,EFO_0000685,rheumatoid arthritis,0.365845123
ENSG00000134824,FADS2,EFO_0000685,rheumatoid arthritis,0.364674409
ENSG00000141279,NPEPPS,EFO_0000685,rheumatoid arthritis,0.364561858
ENSG00000204842,ATXN2,EFO_0000685,rheumatoid arthritis,0.363952816
ENSG00000178233,TMEM151B,EFO_0000685,rheumatoid arthritis,0.363332714
ENSG00000214226,C17orf67,EFO_0000685,rheumatoid arthritis,0.363121192
ENSG00000185651,UBE2L3,EFO_0000685,rheumatoid arthritis,0.362281857
ENSG00000243649,CFB,EFO_0000685,rheumatoid arthritis,0.360811163
ENSG00000213047,DENND1B,EFO_0000685,rheumatoid arthritis,0.360755666
ENSG00000107957,SH3PXD2A,EFO_0000685,rheumatoid arthritis,0.360485277
ENSG00000122861,PLAU,EFO_0000685,rheumatoid arthritis,0.35798086
ENSG00000095794,CREM,EFO_0000685,rheumatoid arthritis,0.357212668
ENSG00000078098,FAP,EFO_0000685,rheumatoid arthritis,0.355866954
ENSG00000115970,THADA,EFO_0000685,rheumatoid arthritis,0.353026997
ENSG00000162878,PKDCC,EFO_0000685,rheumatoid arthritis,0.350362419
ENSG00000106546,AHR,EFO_0000685,rheumatoid arthritis,0.348631449
ENSG00000113742,CPEB4,EFO_0000685,rheumatoid arthritis,0.348520714
ENSG00000116701,NCF2,EFO_0000685,rheumatoid arthritis,0.348093008
ENSG00000169554,ZEB2,EFO_0000685,rheumatoid arthritis,0.347327153
ENSG00000150907,FOXO1,EFO_0000685,rheumatoid arthritis,0.346835509
ENSG00000188761,BCL2L15,EFO_0000685,rheumatoid arthritis,0.345613648
ENSG00000110367,DDX6,EFO_0000685,rheumatoid arthritis,0.345274279
ENSG00000138684,IL21,EFO_0000685,rheumatoid arthritis,0.341784897
ENSG00000137288,UQCC2,EFO_0000685,rheumatoid arthritis,0.341703647
ENSG00000241106,HLA-DOB,EFO_0000685,rheumatoid arthritis,0.341447651
ENSG00000088305,DNMT3B,EFO_0000685,rheumatoid arthritis,0.34125401
ENSG00000121797,CCRL2,EFO_0000685,rheumatoid arthritis,0.341250459
ENSG00000087495,PHACTR3,EFO_0000685,rheumatoid arthritis,0.340660509
ENSG00000127415,IDUA,EFO_0000685,rheumatoid arthritis,0.340012292
ENSG00000081026,MAGI3,EFO_0000685,rheumatoid arthritis,0.33980138
ENSG00000161405,IKZF3,EFO_0000685,rheumatoid arthritis,0.338250803
ENSG00000187605,TET3,EFO_0000685,rheumatoid arthritis,0.337082254
ENSG00000108443,RPS6KB1,EFO_0000685,rheumatoid arthritis,0.334977913
ENSG00000165684,SNAPC4,EFO_0000685,rheumatoid arthritis,0.333652889
ENSG00000134030,CTIF,EFO_0000685,rheumatoid arthritis,0.331504632
ENSG00000115009,CCL20,EFO_0000685,rheumatoid arthritis,0.330522614
ENSG00000115267,IFIH1,EFO_0000685,rheumatoid arthritis,0.330467463
ENSG00000235109,ZSCAN31,EFO_0000685,rheumatoid arthritis,0.330034044
ENSG00000154252,GAL3ST2,EFO_0000685,rheumatoid arthritis,0.3285289
ENSG00000026103,FAS,EFO_0000685,rheumatoid arthritis,0.328477591
ENSG00000142224,IL19,EFO_0000685,rheumatoid arthritis,0.327533701
ENSG00000179344,HLA-DQB1,EFO_0000685,rheumatoid arthritis,0.327419912
ENSG00000188176,SMTNL2,EFO_0000685,rheumatoid arthritis,0.325445187
ENSG00000186642,PDE2A,EFO_0000685,rheumatoid arthritis,0.325117477
ENSG00000137818,RPLP1,EFO_0000685,rheumatoid arthritis,0.324992923
ENSG00000113638,TTC33,EFO_0000685,rheumatoid arthritis,0.317383615
ENSG00000029725,RABEP1,EFO_0000685,rheumatoid arthritis,0.316692212
ENSG00000165383,LRRC18,EFO_0000685,rheumatoid arthritis,0.315917991
ENSG00000204580,DDR1,EFO_0000685,rheumatoid arthritis,0.313553311
ENSG00000186660,ZFP91,EFO_0000685,rheumatoid arthritis,0.311917931
ENSG00000186788,SPATA31D3,EFO_0000685,rheumatoid arthritis,0.311648629
ENSG00000182568,SATB1,EFO_0000685,rheumatoid arthritis,0.311420635
ENSG00000232629,HLA-DQB2,EFO_0000685,rheumatoid arthritis,0.310129198
ENSG00000164308,ERAP2,EFO_0000685,rheumatoid arthritis,0.310078871
ENSG00000186635,ARAP1,EFO_0000685,rheumatoid arthritis,0.308464534
ENSG00000135097,MSI1,EFO_0000685,rheumatoid arthritis,0.307942136
ENSG00000064012,CASP8,EFO_0000685,rheumatoid arthritis,0.307503664
ENSG00000116793,PHTF1,EFO_0000685,rheumatoid arthritis,0.307370973
ENSG00000116698,SMG7,EFO_0000685,rheumatoid arthritis,0.307285612
ENSG00000131507,NDFIP1,EFO_0000685,rheumatoid arthritis,0.306936674
ENSG00000151773,CCDC122,EFO_0000685,rheumatoid arthritis,0.305999442
ENSG00000091138,SLC26A3,EFO_0000685,rheumatoid arthritis,0.303982937
ENSG00000102710,SUPT20H,EFO_0000685,rheumatoid arthritis,0.303965399
ENSG00000213760,ATP6V1G2,EFO_0000685,rheumatoid arthritis,0.303965399
ENSG00000115232,ITGA4,EFO_0000685,rheumatoid arthritis,0.303844157
ENSG00000128581,IFT22,EFO_0000685,rheumatoid arthritis,0.303331368
ENSG00000003402,CFLAR,EFO_0000685,rheumatoid arthritis,0.303272739
ENSG00000107796,ACTA2,EFO_0000685,rheumatoid arthritis,0.303184651
ENSG00000115415,STAT1,EFO_0000685,rheumatoid arthritis,0.300853527
ENSG00000196781,TLE1,EFO_0000685,rheumatoid arthritis,0.300385567
ENSG00000198502,HLA-DRB5,EFO_0000685,rheumatoid arthritis,0.300219658
ENSG00000139531,SUOX,EFO_0000685,rheumatoid arthritis,0.298943749
ENSG00000149485,FADS1,EFO_0000685,rheumatoid arthritis,0.298900297
ENSG00000178607,ERN1,EFO_0000685,rheumatoid arthritis,0.29888241
ENSG00000172673,THEMIS,EFO_0000685,rheumatoid arthritis,0.298757995
ENSG00000129187,DCTD,EFO_0000685,rheumatoid arthritis,0.298381635
ENSG00000204084,INPP5B,EFO_0000685,rheumatoid arthritis,0.297469394
ENSG00000084734,GCKR,EFO_0000685,rheumatoid arthritis,0.291659968
ENSG00000108175,ZMIZ1,EFO_0000685,rheumatoid arthritis,0.29155846
ENSG00000160360,GPSM1,EFO_0000685,rheumatoid arthritis,0.289149994
ENSG00000170345,FOS,EFO_0000685,rheumatoid arthritis,0.288204388
ENSG00000204287,HLA-DRA,EFO_0000685,rheumatoid arthritis,0.287808417
ENSG00000164823,OSGIN2,EFO_0000685,rheumatoid arthritis,0.286328494
ENSG00000243509,TNFRSF6B,EFO_0000685,rheumatoid arthritis,0.286017666
ENSG00000213066,CEP43,EFO_0000685,rheumatoid arthritis,0.284877956
ENSG00000134352,IL6ST,EFO_0000685,rheumatoid arthritis,0.284501869
ENSG00000251692,PTX4,EFO_0000685,rheumatoid arthritis,0.281745465
ENSG00000169242,EFNA1,EFO_0000685,rheumatoid arthritis,0.278640698
ENSG00000183386,FHL3,EFO_0000685,rheumatoid arthritis,0.276136848
ENSG00000077458,FAM76B,EFO_0000685,rheumatoid arthritis,0.271963871
ENSG00000145214,DGKQ,EFO_0000685,rheumatoid arthritis,0.271874009
ENSG00000064932,SBNO2,EFO_0000685,rheumatoid arthritis,0.271836342
ENSG00000003400,CASP10,EFO_0000685,rheumatoid arthritis,0.270429988
ENSG00000171522,PTGER4,EFO_0000685,rheumatoid arthritis,0.270376964
ENSG00000138660,AP1AR,EFO_0000685,rheumatoid arthritis,0.269161564
ENSG00000134882,UBAC2,EFO_0000685,rheumatoid arthritis,0.26816516
ENSG00000138688,BLTP1,EFO_0000685,rheumatoid arthritis,0.267583769
ENSG00000197122,SRC,EFO_0000685,rheumatoid arthritis,0.26523523
ENSG00000162739,SLAMF6,EFO_0000685,rheumatoid arthritis,0.265146833
ENSG00000154319,FAM167A,EFO_0000685,rheumatoid arthritis,0.263360058
ENSG00000108094,CUL2,EFO_0000685,rheumatoid arthritis,0.26140329
ENSG00000255073,ZFP91-CNTF,EFO_0000685,rheumatoid arthritis,0.260754294
ENSG00000115602,IL1RL1,EFO_0000685,rheumatoid arthritis,0.260619516
ENSG00000206503,HLA-A,EFO_0000685,rheumatoid arthritis,0.260254552
ENSG00000047410,TPR,EFO_0000685,rheumatoid arthritis,0.260022083
ENSG00000240065,PSMB9,EFO_0000685,rheumatoid arthritis,0.25858094
ENSG00000111321,LTBR,EFO_0000685,rheumatoid arthritis,0.258081636
ENSG00000163687,DNASE1L3,EFO_0000685,rheumatoid arthritis,0.25794042
ENSG00000197165,SULT1A2,EFO_0000685,rheumatoid arthritis,0.257240502
ENSG00000125245,GPR18,EFO_0000685,rheumatoid arthritis,0.25572718
ENSG00000136634,IL10,EFO_0000685,rheumatoid arthritis,0.253488044
ENSG00000148204,CRB2,EFO_0000685,rheumatoid arthritis,0.252958843
ENSG00000128510,CPA4,EFO_0000685,rheumatoid arthritis,0.252319503
ENSG00000131374,TBC1D5,EFO_0000685,rheumatoid arthritis,0.251549753
ENSG00000122223,CD244,EFO_0000685,rheumatoid arthritis,0.250870091
ENSG00000134262,AP4B1,EFO_0000685,rheumatoid arthritis,0.249602095
ENSG00000204301,NOTCH4,EFO_0000685,rheumatoid arthritis,0.248828612
ENSG00000118515,SGK1,EFO_0000685,rheumatoid arthritis,0.246773425
ENSG00000156958,GALK2,EFO_0000685,rheumatoid arthritis,0.245222473
ENSG00000123411,IKZF4,EFO_0000685,rheumatoid arthritis,0.245069697
ENSG00000179295,PTPN11,EFO_0000685,rheumatoid arthritis,0.244396544
ENSG00000124564,SLC17A3,EFO_0000685,rheumatoid arthritis,0.243347769
ENSG00000073605,GSDMB,EFO_0000685,rheumatoid arthritis,0.242649864
ENSG00000117560,FASLG,EFO_0000685,rheumatoid arthritis,0.240551685
ENSG00000184058,TBX1,EFO_0000685,rheumatoid arthritis,0.239765262
ENSG00000254647,INS,EFO_0000685,rheumatoid arthritis,0.239342225
ENSG00000186470,BTN3A2,EFO_0000685,rheumatoid arthritis,0.239061917
ENSG00000160791,CCR5,EFO_0000685,rheumatoid arthritis,0.238212904
ENSG00000129965,INS-IGF2,EFO_0000685,rheumatoid arthritis,0.233492339
ENSG00000160221,GATD3,EFO_0000685,rheumatoid arthritis,0.231885159
ENSG00000198742,SMURF1,EFO_0000685,rheumatoid arthritis,0.230907766
ENSG00000184730,APOBR,EFO_0000685,rheumatoid arthritis,0.229843457
ENSG00000152484,USP12,EFO_0000685,rheumatoid arthritis,0.227546923
ENSG00000108219,TSPAN14,EFO_0000685,rheumatoid arthritis,0.226489752
ENSG00000172543,CTSW,EFO_0000685,rheumatoid arthritis,0.225960605
ENSG00000154719,MRPL39,EFO_0000685,rheumatoid arthritis,0.225613687
ENSG00000185338,SOCS1,EFO_0000685,rheumatoid arthritis,0.224218493
ENSG00000145681,HAPLN1,EFO_0000685,rheumatoid arthritis,0.223267873
ENSG00000263001,GTF2I,EFO_0000685,rheumatoid arthritis,0.222759471
ENSG00000183625,CCR3,EFO_0000685,rheumatoid arthritis,0.222416026
ENSG00000158691,ZSCAN12,EFO_0000685,rheumatoid arthritis,0.221981374
ENSG00000185090,MANEAL,EFO_0000685,rheumatoid arthritis,0.218885994
ENSG00000158525,CPA5,EFO_0000685,rheumatoid arthritis,0.216928201
ENSG00000206026,SMIM21,EFO_0000685,rheumatoid arthritis,0.216477685
ENSG00000142611,PRDM16,EFO_0000685,rheumatoid arthritis,0.214076684
ENSG00000197728,RPS26,EFO_0000685,rheumatoid arthritis,0.213532934
ENSG00000078328,RBFOX1,EFO_0000685,rheumatoid arthritis,0.213428431
ENSG00000157870,PRXL2B,EFO_0000685,rheumatoid arthritis,0.213015345
ENSG00000188603,CLN3,EFO_0000685,rheumatoid arthritis,0.212957097
ENSG00000185507,IRF7,EFO_0000685,rheumatoid arthritis,0.211740237
ENSG00000111540,RAB5B,EFO_0000685,rheumatoid arthritis,0.209552538
ENSG00000155313,USP25,EFO_0000685,rheumatoid arthritis,0.209501953
ENSG00000111783,RFX4,EFO_0000685,rheumatoid arthritis,0.209350071
ENSG00000237541,HLA-DQA2,EFO_0000685,rheumatoid arthritis,0.209263407
ENSG00000119403,PHF19,EFO_0000685,rheumatoid arthritis,0.207895926
ENSG00000153933,DGKE,EFO_0000685,rheumatoid arthritis,0.207038373
ENSG00000111785,RIC8B,EFO_0000685,rheumatoid arthritis,0.206936497
ENSG00000135116,HRK,EFO_0000685,rheumatoid arthritis,0.206169664
ENSG00000138311,ZNF365,EFO_0000685,rheumatoid arthritis,0.20547078
ENSG00000119522,DENND1A,EFO_0000685,rheumatoid arthritis,0.204873266
ENSG00000065361,ERBB3,EFO_0000685,rheumatoid arthritis,0.202890241
ENSG00000166037,CEP57,EFO_0000685,rheumatoid arthritis,0.196493448
ENSG00000163684,RPP14,EFO_0000685,rheumatoid arthritis,0.19578902
ENSG00000105401,CDC37,EFO_0000685,rheumatoid arthritis,0.195649738
ENSG00000169508,GPR183,EFO_0000685,rheumatoid arthritis,0.195559619
ENSG00000234545,FAM133B,EFO_0000685,rheumatoid arthritis,0.195398297
ENSG00000233822,H2BC15,EFO_0000685,rheumatoid arthritis,0.195354538
ENSG00000213221,DNLZ,EFO_0000685,rheumatoid arthritis,0.194427071
ENSG00000135355,GJA10,EFO_0000685,rheumatoid arthritis,0.193801423
ENSG00000126464,PRR12,EFO_0000685,rheumatoid arthritis,0.193395744
ENSG00000157869,RAB28,EFO_0000685,rheumatoid arthritis,0.193387301
ENSG00000164062,APEH,EFO_0000685,rheumatoid arthritis,0.192586395
ENSG00000240053,LY6G5B,EFO_0000685,rheumatoid arthritis,0.191594822
ENSG00000073756,PTGS2,EFO_0000685,rheumatoid arthritis,0.191307492
ENSG00000154721,JAM2,EFO_0000685,rheumatoid arthritis,0.190716509
ENSG00000101076,HNF4A,EFO_0000685,rheumatoid arthritis,0.190563867
ENSG00000187238,LCE3B,EFO_0000685,rheumatoid arthritis,0.190392854
ENSG00000185962,LCE3A,EFO_0000685,rheumatoid arthritis,0.190212166
ENSG00000204385,SLC44A4,EFO_0000685,rheumatoid arthritis,0.189978374
ENSG00000169914,OTUD3,EFO_0000685,rheumatoid arthritis,0.189948111
ENSG00000137807,KIF23,EFO_0000685,rheumatoid arthritis,0.189705869
ENSG00000112378,PERP,EFO_0000685,rheumatoid arthritis,0.189394471
ENSG00000170128,GPR25,EFO_0000685,rheumatoid arthritis,0.187276358
ENSG00000109471,IL2,EFO_0000685,rheumatoid arthritis,0.187055229
ENSG00000026036,RTEL1-TNFRSF6B,EFO_0000685,rheumatoid arthritis,0.185316387
ENSG00000130561,SAG,EFO_0000685,rheumatoid arthritis,0.185303908
ENSG00000214929,SPATA31D1,EFO_0000685,rheumatoid arthritis,0.184874514
ENSG00000188786,MTF1,EFO_0000685,rheumatoid arthritis,0.183742017
ENSG00000176022,B3GALT6,EFO_0000685,rheumatoid arthritis,0.183178765
ENSG00000168477,TNXB,EFO_0000685,rheumatoid arthritis,0.182857293
ENSG00000183520,UTP11,EFO_0000685,rheumatoid arthritis,0.181988243
ENSG00000239282,CASTOR1,EFO_0000685,rheumatoid arthritis,0.181240781
ENSG00000173531,MST1,EFO_0000685,rheumatoid arthritis,0.180793346
ENSG00000103599,IQCH,EFO_0000685,rheumatoid arthritis,0.180521249
ENSG00000089163,SIRT4,EFO_0000685,rheumatoid arthritis,0.180436317
ENSG00000081019,RSBN1,EFO_0000685,rheumatoid arthritis,0.17957866
ENSG00000276747,PADI6,EFO_0000685,rheumatoid arthritis,0.179029572
ENSG00000166793,YPEL4,EFO_0000685,rheumatoid arthritis,0.178773328
ENSG00000121807,CCR2,EFO_0000685,rheumatoid arthritis,0.178039885
ENSG00000167244,IGF2,EFO_0000685,rheumatoid arthritis,0.177562451
ENSG00000116285,ERRFI1,EFO_0000685,rheumatoid arthritis,0.176878317
ENSG00000170890,PLA2G1B,EFO_0000685,rheumatoid arthritis,0.176743376
ENSG00000205609,EIF3CL,EFO_0000685,rheumatoid arthritis,0.17671109
ENSG00000189298,ZKSCAN3,EFO_0000685,rheumatoid arthritis,0.176488349
ENSG00000198315,ZKSCAN8,EFO_0000685,rheumatoid arthritis,0.176413651
ENSG00000124205,EDN3,EFO_0000685,rheumatoid arthritis,0.176236442
ENSG00000196074,SYCP2,EFO_0000685,rheumatoid arthritis,0.175904579
ENSG00000175643,RMI2,EFO_0000685,rheumatoid arthritis,0.174255719
ENSG00000132975,GPR12,EFO_0000685,rheumatoid arthritis,0.173890193
ENSG00000189050,RNFT1,EFO_0000685,rheumatoid arthritis,0.173035053
ENSG00000118655,DCLRE1B,EFO_0000685,rheumatoid arthritis,0.171788824
ENSG00000198933,TBKBP1,EFO_0000685,rheumatoid arthritis,0.17107905
ENSG00000137634,NXPE4,EFO_0000685,rheumatoid arthritis,0.17037602
ENSG00000198156,NPIPB6,EFO_0000685,rheumatoid arthritis,0.169653031
ENSG00000161847,RAVER1,EFO_0000685,rheumatoid arthritis,0.168402773
ENSG00000176909,MAMSTR,EFO_0000685,rheumatoid arthritis,0.166638871
ENSG00000075239,ACAT1,EFO_0000685,rheumatoid arthritis,0.165831377
ENSG00000204348,DXO,EFO_0000685,rheumatoid arthritis,0.165623644
ENSG00000157557,ETS2,EFO_0000685,rheumatoid arthritis,0.162742953
ENSG00000130363,RSPH3,EFO_0000685,rheumatoid arthritis,0.162054729
ENSG00000164113,ADAD1,EFO_0000685,rheumatoid arthritis,0.161572123
ENSG00000241837,ATP5PO,EFO_0000685,rheumatoid arthritis,0.161089351
ENSG00000100726,TELO2,EFO_0000685,rheumatoid arthritis,0.159554868
ENSG00000140332,TLE3,EFO_0000685,rheumatoid arthritis,0.159436067
ENSG00000148516,ZEB1,EFO_0000685,rheumatoid arthritis,0.158774362
ENSG00000104450,SPAG1,EFO_0000685,rheumatoid arthritis,0.157938907
ENSG00000160963,COL26A1,EFO_0000685,rheumatoid arthritis,0.157457865
ENSG00000172156,CCL11,EFO_0000685,rheumatoid arthritis,0.156497371
ENSG00000116690,PRG4,EFO_0000685,rheumatoid arthritis,0.154493711
ENSG00000083799,CYLD,EFO_0000685,rheumatoid arthritis,0.154377848
ENSG00000215912,TTC34,EFO_0000685,rheumatoid arthritis,0.152683174
ENSG00000111319,SCNN1A,EFO_0000685,rheumatoid arthritis,0.151919872
ENSG00000099992,TBC1D10A,EFO_0000685,rheumatoid arthritis,0.151605841
ENSG00000149212,SESN3,EFO_0000685,rheumatoid arthritis,0.150537629
ENSG00000163463,KRTCAP2,EFO_0000685,rheumatoid arthritis,0.150501302
ENSG00000157111,TMEM171,EFO_0000685,rheumatoid arthritis,0.149852333
ENSG00000205108,SPATA31F1,EFO_0000685,rheumatoid arthritis,0.147631823
ENSG00000126461,SCAF1,EFO_0000685,rheumatoid arthritis,0.147302722
ENSG00000139219,COL2A1,EFO_0000685,rheumatoid arthritis,0.146109613
ENSG00000100316,RPL3,EFO_0000685,rheumatoid arthritis,0.145477163
ENSG00000153113,CAST,EFO_0000685,rheumatoid arthritis,0.145154931
ENSG00000135253,KCP,EFO_0000685,rheumatoid arthritis,0.144758474
ENSG00000157181,ODR4,EFO_0000685,rheumatoid arthritis,0.144608395
ENSG00000116703,PDC,EFO_0000685,rheumatoid arthritis,0.143776355
ENSG00000145860,RNF145,EFO_0000685,rheumatoid arthritis,0.143681663
ENSG00000102879,CORO1A,EFO_0000685,rheumatoid arthritis,0.143124143
ENSG00000128408,RIBC2,EFO_0000685,rheumatoid arthritis,0.1426995
ENSG00000049247,UTS2,EFO_0000685,rheumatoid arthritis,0.141653263
ENSG00000196227,FAM217B,EFO_0000685,rheumatoid arthritis,0.140661108
ENSG00000164061,BSN,EFO_0000685,rheumatoid arthritis,0.140064459
ENSG00000096395,MLN,EFO_0000685,rheumatoid arthritis,0.139645164
ENSG00000184602,SNN,EFO_0000685,rheumatoid arthritis,0.139445183
ENSG00000255524,NPIPB8,EFO_0000685,rheumatoid arthritis,0.13886707
ENSG00000206531,CD200R1L,EFO_0000685,rheumatoid arthritis,0.138572476
ENSG00000108688,CCL7,EFO_0000685,rheumatoid arthritis,0.138298399
ENSG00000152894,PTPRK,EFO_0000685,rheumatoid arthritis,0.137151319
ENSG00000108622,ICAM2,EFO_0000685,rheumatoid arthritis,0.136364565
ENSG00000183722,LHFPL6,EFO_0000685,rheumatoid arthritis,0.136237678
ENSG00000134825,TMEM258,EFO_0000685,rheumatoid arthritis,0.135705696
ENSG00000180530,NRIP1,EFO_0000685,rheumatoid arthritis,0.135274737
ENSG00000233276,GPX1,EFO_0000685,rheumatoid arthritis,0.134748
ENSG00000180509,KCNE1,EFO_0000685,rheumatoid arthritis,0.134294168
ENSG00000113810,SMC4,EFO_0000685,rheumatoid arthritis,0.133908668
ENSG00000184163,C1QTNF12,EFO_0000685,rheumatoid arthritis,0.133878266
ENSG00000108306,FBXL20,EFO_0000685,rheumatoid arthritis,0.133847466
ENSG00000089685,BIRC5,EFO_0000685,rheumatoid arthritis,0.133767331
ENSG00000103591,AAGAB,EFO_0000685,rheumatoid arthritis,0.132843906
ENSG00000099834,CDHR5,EFO_0000685,rheumatoid arthritis,0.132122919
ENSG00000108423,TUBD1,EFO_0000685,rheumatoid arthritis,0.131671235
ENSG00000152430,BOLL,EFO_0000685,rheumatoid arthritis,0.131570017
ENSG00000158636,EMSY,EFO_0000685,rheumatoid arthritis,0.130259495
ENSG00000204099,NEU4,EFO_0000685,rheumatoid arthritis,0.129485319
ENSG00000204264,PSMB8,EFO_0000685,rheumatoid arthritis,0.129408406
ENSG00000099995,SF3A1,EFO_0000685,rheumatoid arthritis,0.129086864
ENSG00000185404,SP140L,EFO_0000685,rheumatoid arthritis,0.12873191
ENSG00000132825,PPP1R3D,EFO_0000685,rheumatoid arthritis,0.128411435
ENSG00000196449,YRDC,EFO_0000685,rheumatoid arthritis,0.126566303
ENSG00000130762,ARHGEF16,EFO_0000685,rheumatoid arthritis,0.126328256
ENSG00000197415,VEPH1,EFO_0000685,rheumatoid arthritis,0.126166183
ENSG00000197375,SLC22A5,EFO_0000685,rheumatoid arthritis,0.126084257
ENSG00000183431,SF3A3,EFO_0000685,rheumatoid arthritis,0.125871631
ENSG00000162928,PEX13,EFO_0000685,rheumatoid arthritis,0.125240833
ENSG00000267673,FDX2,EFO_0000685,rheumatoid arthritis,0.124512127
ENSG00000255154,HTD2,EFO_0000685,rheumatoid arthritis,0.124430866
ENSG00000109705,NKX3-2,EFO_0000685,rheumatoid arthritis,0.124300662
ENSG00000124608,AARS2,EFO_0000685,rheumatoid arthritis,0.124289487
ENSG00000081248,CACNA1S,EFO_0000685,rheumatoid arthritis,0.123086078
ENSG00000078808,SDF4,EFO_0000685,rheumatoid arthritis,0.122751178
ENSG00000006704,GTF2IRD1,EFO_0000685,rheumatoid arthritis,0.122599723
ENSG00000158055,GRHL3,EFO_0000685,rheumatoid arthritis,0.121801772
ENSG00000118514,ALDH8A1,EFO_0000685,rheumatoid arthritis,0.121784487
ENSG00000132207,SLX1A,EFO_0000685,rheumatoid arthritis,0.121554473
ENSG00000115607,IL18RAP,EFO_0000685,rheumatoid arthritis,0.121268249
ENSG00000161180,CCDC116,EFO_0000685,rheumatoid arthritis,0.121063014
ENSG00000107954,NEURL1,EFO_0000685,rheumatoid arthritis,0.120597394
ENSG00000176046,NUPR1,EFO_0000685,rheumatoid arthritis,0.119108767
ENSG00000073331,ALPK1,EFO_0000685,rheumatoid arthritis,0.118764394
ENSG00000099377,HSD3B7,EFO_0000685,rheumatoid arthritis,0.118438338
ENSG00000172500,FIBP,EFO_0000685,rheumatoid arthritis,0.118204583
ENSG00000112379,ARFGEF3,EFO_0000685,rheumatoid arthritis,0.117927094
ENSG00000160183,TMPRSS3,EFO_0000685,rheumatoid arthritis,0.11784363
ENSG00000137819,PAQR5,EFO_0000685,rheumatoid arthritis,0.117643818
ENSG00000164400,CSF2,EFO_0000685,rheumatoid arthritis,0.117503236
ENSG00000204681,GABBR1,EFO_0000685,rheumatoid arthritis,0.11654141
ENSG00000172409,CLP1,EFO_0000685,rheumatoid arthritis,0.115702456
ENSG00000112874,NUDT12,EFO_0000685,rheumatoid arthritis,0.115452433
ENSG00000156858,PRR14,EFO_0000685,rheumatoid arthritis,0.115382363
ENSG00000145730,PAM,EFO_0000685,rheumatoid arthritis,0.114895593
ENSG00000106804,C5,EFO_0000685,rheumatoid arthritis,0.114435294
ENSG00000172057,ORMDL3,EFO_0000685,rheumatoid arthritis,0.114358353
ENSG00000132704,FCRL2,EFO_0000685,rheumatoid arthritis,0.113446982
ENSG00000185467,KPNA7,EFO_0000685,rheumatoid arthritis,0.112787367
ENSG00000172365,OR5B2,EFO_0000685,rheumatoid arthritis,0.111620801
ENSG00000163202,LCE3D,EFO_0000685,rheumatoid arthritis,0.11131356
ENSG00000167208,SNX20,EFO_0000685,rheumatoid arthritis,0.110798989
ENSG00000100644,HIF1A,EFO_0000685,rheumatoid arthritis,0.110609711
ENSG00000002330,BAD,EFO_0000685,rheumatoid arthritis,0.110375958
ENSG00000095261,PSMD5,EFO_0000685,rheumatoid arthritis,0.10996838
ENSG00000185056,C5orf47,EFO_0000685,rheumatoid arthritis,0.108605256
ENSG00000079387,SENP1,EFO_0000685,rheumatoid arthritis,0.108580507
ENSG00000167395,ZNF646,EFO_0000685,rheumatoid arthritis,0.108482744
ENSG00000111275,ALDH2,EFO_0000685,rheumatoid arthritis,0.107956778
ENSG00000065989,PDE4A,EFO_0000685,rheumatoid arthritis,0.106753447
ENSG00000145365,TIFA,EFO_0000685,rheumatoid arthritis,0.106703318
ENSG00000119801,YPEL5,EFO_0000685,rheumatoid arthritis,0.106258553
ENSG00000220201,ZGLP1,EFO_0000685,rheumatoid arthritis,0.106191446
ENSG00000167468,GPX4,EFO_0000685,rheumatoid arthritis,0.104893228
ENSG00000124920,MYRF,EFO_0000685,rheumatoid arthritis,0.104532524
ENSG00000145725,PPIP5K2,EFO_0000685,rheumatoid arthritis,0.10394817
ENSG00000026297,RNASET2,EFO_0000685,rheumatoid arthritis,0.103551613
ENSG00000100330,MTMR3,EFO_0000685,rheumatoid arthritis,0.103418659
ENSG00000130584,ZBTB46,EFO_0000685,rheumatoid arthritis,0.100851638
ENSG00000247626,MARS2,EFO_0000685,rheumatoid arthritis,0.099900755
ENSG00000164694,FNDC1,EFO_0000685,rheumatoid arthritis,0.099670691
ENSG00000149600,COMMD7,EFO_0000685,rheumatoid arthritis,0.099346089
ENSG00000147697,GSDMC,EFO_0000685,rheumatoid arthritis,0.098894459
ENSG00000166619,BLCAP,EFO_0000685,rheumatoid arthritis,0.098484808
ENSG00000156853,ZNF689,EFO_0000685,rheumatoid arthritis,0.097953903
ENSG00000162542,TMCO4,EFO_0000685,rheumatoid arthritis,0.096853989
ENSG00000198270,TMEM116,EFO_0000685,rheumatoid arthritis,0.096318857
ENSG00000072682,P4HA2,EFO_0000685,rheumatoid arthritis,0.095276734
ENSG00000176476,SGF29,EFO_0000685,rheumatoid arthritis,0.095112239
ENSG00000166984,TCP10L2,EFO_0000685,rheumatoid arthritis,0.094700043
ENSG00000184076,UQCR10,EFO_0000685,rheumatoid arthritis,0.094555602
ENSG00000162753,SLC9C2,EFO_0000685,rheumatoid arthritis,0.094469043
ENSG00000183960,KCNH8,EFO_0000685,rheumatoid arthritis,0.094374995
ENSG00000088992,TESC,EFO_0000685,rheumatoid arthritis,0.093985935
ENSG00000173402,DAG1,EFO_0000685,rheumatoid arthritis,0.093641322
ENSG00000168496,FEN1,EFO_0000685,rheumatoid arthritis,0.093512871
ENSG00000184601,C14orf180,EFO_0000685,rheumatoid arthritis,0.093256641
ENSG00000173264,GPR137,EFO_0000685,rheumatoid arthritis,0.093133558
ENSG00000179981,TSHZ1,EFO_0000685,rheumatoid arthritis,0.092776974
ENSG00000163823,CCR1,EFO_0000685,rheumatoid arthritis,0.092750911
ENSG00000100373,UPK3A,EFO_0000685,rheumatoid arthritis,0.092623419
ENSG00000162738,VANGL2,EFO_0000685,rheumatoid arthritis,0.092373011
ENSG00000124215,CDH26,EFO_0000685,rheumatoid arthritis,0.091993417
ENSG00000204344,STK19,EFO_0000685,rheumatoid arthritis,0.091878297
ENSG00000115421,PAPOLG,EFO_0000685,rheumatoid arthritis,0.091700797
ENSG00000164176,EDIL3,EFO_0000685,rheumatoid arthritis,0.091608334
ENSG00000142188,TMEM50B,EFO_0000685,rheumatoid arthritis,0.091560967
ENSG00000137338,PGBD1,EFO_0000685,rheumatoid arthritis,0.091374666
ENSG00000061337,LZTS1,EFO_0000685,rheumatoid arthritis,0.090642386
ENSG00000152556,PFKM,EFO_0000685,rheumatoid arthritis,0.090625119
ENSG00000143924,EML4,EFO_0000685,rheumatoid arthritis,0.090485386
ENSG00000038219,BOD1L1,EFO_0000685,rheumatoid arthritis,0.090432981
ENSG00000112297,CRYBG1,EFO_0000685,rheumatoid arthritis,0.090426282
ENSG00000148429,USP6NL,EFO_0000685,rheumatoid arthritis,0.08922247
ENSG00000134453,RBM17,EFO_0000685,rheumatoid arthritis,0.087742779
ENSG00000181315,ZNF322,EFO_0000685,rheumatoid arthritis,0.087668774
ENSG00000089234,BRAP,EFO_0000685,rheumatoid arthritis,0.087458708
ENSG00000204469,PRRC2A,EFO_0000685,rheumatoid arthritis,0.087105584
ENSG00000145723,GIN1,EFO_0000685,rheumatoid arthritis,0.087012389
ENSG00000053438,NNAT,EFO_0000685,rheumatoid arthritis,0.086494553
ENSG00000169241,SLC50A1,EFO_0000685,rheumatoid arthritis,0.08629004
ENSG00000184828,ZBTB7C,EFO_0000685,rheumatoid arthritis,0.085861737
ENSG00000108559,NUP88,EFO_0000685,rheumatoid arthritis,0.084955514
ENSG00000162302,RPS6KA4,EFO_0000685,rheumatoid arthritis,0.084950187
ENSG00000187860,CCDC157,EFO_0000685,rheumatoid arthritis,0.08468931
ENSG00000172362,OR5B12,EFO_0000685,rheumatoid arthritis,0.083851699
ENSG00000204444,APOM,EFO_0000685,rheumatoid arthritis,0.083754978
ENSG00000234444,ZNF736,EFO_0000685,rheumatoid arthritis,0.081795996
ENSG00000174945,AMZ1,EFO_0000685,rheumatoid arthritis,0.081308855
ENSG00000112343,TRIM38,EFO_0000685,rheumatoid arthritis,0.080940077
ENSG00000085415,SEH1L,EFO_0000685,rheumatoid arthritis,0.079424188
ENSG00000204351,SKIC2,EFO_0000685,rheumatoid arthritis,0.079063821
ENSG00000145908,ZNF300,EFO_0000685,rheumatoid arthritis,0.078136009
ENSG00000160683,CXCR5,EFO_0000685,rheumatoid arthritis,0.07779083
ENSG00000196812,ZSCAN16,EFO_0000685,rheumatoid arthritis,0.077763045
ENSG00000160182,TFF1,EFO_0000685,rheumatoid arthritis,0.076590131
ENSG00000166262,FAM227B,EFO_0000685,rheumatoid arthritis,0.076522236
ENSG00000196502,SULT1A1,EFO_0000685,rheumatoid arthritis,0.076265725
ENSG00000163534,FCRL1,EFO_0000685,rheumatoid arthritis,0.075699313
ENSG00000117118,SDHB,EFO_0000685,rheumatoid arthritis,0.074112797
ENSG00000173163,COMMD1,EFO_0000685,rheumatoid arthritis,0.073834883
ENSG00000204657,OR2H2,EFO_0000685,rheumatoid arthritis,0.073713754
ENSG00000148384,INPP5E,EFO_0000685,rheumatoid arthritis,0.073544744
ENSG00000166200,COPS2,EFO_0000685,rheumatoid arthritis,0.072744889
ENSG00000186432,KPNA4,EFO_0000685,rheumatoid arthritis,0.0725245
ENSG00000173467,AGR3,EFO_0000685,rheumatoid arthritis,0.072523377
ENSG00000232859,LYRM9,EFO_0000685,rheumatoid arthritis,0.072517504
ENSG00000254870,ATP6V1G2-DDX39B,EFO_0000685,rheumatoid arthritis,0.072058811
ENSG00000196118,CFAP119,EFO_0000685,rheumatoid arthritis,0.071661606
ENSG00000182107,TMEM30B,EFO_0000685,rheumatoid arthritis,0.071316324
ENSG00000188322,SBK1,EFO_0000685,rheumatoid arthritis,0.070989555
ENSG00000164236,ANKRD33B,EFO_0000685,rheumatoid arthritis,0.0707095
ENSG00000107951,MTPAP,EFO_0000685,rheumatoid arthritis,0.07068323
ENSG00000111801,BTN3A3,EFO_0000685,rheumatoid arthritis,0.070548243
ENSG00000204592,HLA-E,EFO_0000685,rheumatoid arthritis,0.070213332
ENSG00000135899,SP110,EFO_0000685,rheumatoid arthritis,0.070193276
ENSG00000131148,EMC8,EFO_0000685,rheumatoid arthritis,0.070109974
ENSG00000070031,SCT,EFO_0000685,rheumatoid arthritis,0.070063557
ENSG00000214655,ZSWIM8,EFO_0000685,rheumatoid arthritis,0.069691038
ENSG00000135148,TRAFD1,EFO_0000685,rheumatoid arthritis,0.069351747
ENSG00000069696,DRD4,EFO_0000685,rheumatoid arthritis,0.068877311
ENSG00000138071,ACTR2,EFO_0000685,rheumatoid arthritis,0.068422149
ENSG00000138593,SECISBP2L,EFO_0000685,rheumatoid arthritis,0.067816467
ENSG00000067560,RHOA,EFO_0000685,rheumatoid arthritis,0.067813423
ENSG00000204435,CSNK2B,EFO_0000685,rheumatoid arthritis,0.067227287
ENSG00000211445,GPX3,EFO_0000685,rheumatoid arthritis,0.066820494
ENSG00000149131,SERPING1,EFO_0000685,rheumatoid arthritis,0.066681799
ENSG00000175264,CHST1,EFO_0000685,rheumatoid arthritis,0.066578034
ENSG00000099365,STX1B,EFO_0000685,rheumatoid arthritis,0.066503166
ENSG00000110031,LPXN,EFO_0000685,rheumatoid arthritis,0.066299703
ENSG00000173214,MFSD4B,EFO_0000685,rheumatoid arthritis,0.066295002
ENSG00000180176,TH,EFO_0000685,rheumatoid arthritis,0.06619268
ENSG00000074966,TXK,EFO_0000685,rheumatoid arthritis,0.06609534
ENSG00000178217,SH2D4B,EFO_0000685,rheumatoid arthritis,0.066019204
ENSG00000188282,RUFY4,EFO_0000685,rheumatoid arthritis,0.065354953
ENSG00000108424,KPNB1,EFO_0000685,rheumatoid arthritis,0.065012021
ENSG00000145217,SLC26A1,EFO_0000685,rheumatoid arthritis,0.064960412
ENSG00000152527,PLEKHH2,EFO_0000685,rheumatoid arthritis,0.064677141
ENSG00000184110,EIF3C,EFO_0000685,rheumatoid arthritis,0.064518484
ENSG00000108700,CCL8,EFO_0000685,rheumatoid arthritis,0.063790268
ENSG00000087053,MTMR2,EFO_0000685,rheumatoid arthritis,0.063772006
ENSG00000090339,ICAM1,EFO_0000685,rheumatoid arthritis,0.063686552
ENSG00000197043,ANXA6,EFO_0000685,rheumatoid arthritis,0.063481737
ENSG00000244731,C4A,EFO_0000685,rheumatoid arthritis,0.063308028
ENSG00000186891,TNFRSF18,EFO_0000685,rheumatoid arthritis,0.063082322
ENSG00000250317,SMIM20,EFO_0000685,rheumatoid arthritis,0.063078161
ENSG00000181004,BBS12,EFO_0000685,rheumatoid arthritis,0.062940713
ENSG00000233232,NPIPB7,EFO_0000685,rheumatoid arthritis,0.062778057
ENSG00000112394,SLC16A10,EFO_0000685,rheumatoid arthritis,0.062732088
ENSG00000049883,PTCD2,EFO_0000685,rheumatoid arthritis,0.062686458
ENSG00000152784,PRDM8,EFO_0000685,rheumatoid arthritis,0.062525242
ENSG00000138821,SLC39A8,EFO_0000685,rheumatoid arthritis,0.062517406
ENSG00000204438,GPANK1,EFO_0000685,rheumatoid arthritis,0.06224934
ENSG00000112679,DUSP22,EFO_0000685,rheumatoid arthritis,0.062163078
ENSG00000026950,BTN3A1,EFO_0000685,rheumatoid arthritis,0.061443612
ENSG00000163464,CXCR1,EFO_0000685,rheumatoid arthritis,0.06138872
ENSG00000204632,HLA-G,EFO_0000685,rheumatoid arthritis,0.06117484
ENSG00000206052,DOK6,EFO_0000685,rheumatoid arthritis,0.06113628
ENSG00000145020,AMT,EFO_0000685,rheumatoid arthritis,0.060907195
ENSG00000145022,TCTA,EFO_0000685,rheumatoid arthritis,0.06077899
ENSG00000183128,CALHM3,EFO_0000685,rheumatoid arthritis,0.060587231
ENSG00000138604,GLCE,EFO_0000685,rheumatoid arthritis,0.060493353
ENSG00000186827,TNFRSF4,EFO_0000685,rheumatoid arthritis,0.060392955
ENSG00000060982,BCAT1,EFO_0000685,rheumatoid arthritis,0.060312779
ENSG00000134470,IL15RA,EFO_0000685,rheumatoid arthritis,0.059787871
ENSG00000213585,VDAC1,EFO_0000685,rheumatoid arthritis,0.059766845
ENSG00000124120,TTPAL,EFO_0000685,rheumatoid arthritis,0.059564987
ENSG00000185658,BRWD1,EFO_0000685,rheumatoid arthritis,0.059346014
ENSG00000115234,SNX17,EFO_0000685,rheumatoid arthritis,0.05914865
ENSG00000138764,CCNG2,EFO_0000685,rheumatoid arthritis,0.058983846
ENSG00000138759,FRAS1,EFO_0000685,rheumatoid arthritis,0.058983846
ENSG00000156234,CXCL13,EFO_0000685,rheumatoid arthritis,0.058983846
ENSG00000204463,BAG6,EFO_0000685,rheumatoid arthritis,0.058842931
ENSG00000142182,DNMT3L,EFO_0000685,rheumatoid arthritis,0.058813091
ENSG00000138172,CALHM2,EFO_0000685,rheumatoid arthritis,0.058674242
ENSG00000144290,SLC4A10,EFO_0000685,rheumatoid arthritis,0.058624466
ENSG00000162944,RFTN2,EFO_0000685,rheumatoid arthritis,0.058296314
ENSG00000138767,CNOT6L,EFO_0000685,rheumatoid arthritis,0.058181863
ENSG00000155744,HYCC2,EFO_0000685,rheumatoid arthritis,0.05779477
ENSG00000256235,SMIM3,EFO_0000685,rheumatoid arthritis,0.05776897
ENSG00000187626,ZKSCAN4,EFO_0000685,rheumatoid arthritis,0.057593626
ENSG00000179085,DPM3,EFO_0000685,rheumatoid arthritis,0.057561341
ENSG00000049245,VAMP3,EFO_0000685,rheumatoid arthritis,0.057219124
ENSG00000168918,INPP5D,EFO_0000685,rheumatoid arthritis,0.057092928
ENSG00000099999,RNF215,EFO_0000685,rheumatoid arthritis,0.056785081
ENSG00000124508,BTN2A2,EFO_0000685,rheumatoid arthritis,0.056495463
ENSG00000112339,HBS1L,EFO_0000685,rheumatoid arthritis,0.056284316
ENSG00000244057,LCE3C,EFO_0000685,rheumatoid arthritis,0.056100801
ENSG00000154723,ATP5PF,EFO_0000685,rheumatoid arthritis,0.055303076
ENSG00000018236,CNTN1,EFO_0000685,rheumatoid arthritis,0.055260912
ENSG00000163600,ICOS,EFO_0000685,rheumatoid arthritis,0.055106636
ENSG00000132356,PRKAA1,EFO_0000685,rheumatoid arthritis,0.055008672
ENSG00000162929,SANBR,EFO_0000685,rheumatoid arthritis,0.054830519
ENSG00000112936,C7,EFO_0000685,rheumatoid arthritis,0.054791282
ENSG00000185933,CALHM1,EFO_0000685,rheumatoid arthritis,0.05463984
ENSG00000100890,PRORP,EFO_0000685,rheumatoid arthritis,0.054573529
ENSG00000251493,FOXD1,EFO_0000685,rheumatoid arthritis,0.054367431
ENSG00000121060,TRIM25,EFO_0000685,rheumatoid arthritis,0.054346364
ENSG00000138814,PPP3CA,EFO_0000685,rheumatoid arthritis,0.054127071
ENSG00000166278,C2,EFO_0000685,rheumatoid arthritis,0.053988955
ENSG00000158457,TSPAN33,EFO_0000685,rheumatoid arthritis,0.053972704
ENSG00000142233,NTN5,EFO_0000685,rheumatoid arthritis,0.053773222
ENSG00000188784,PLA2G2E,EFO_0000685,rheumatoid arthritis,0.053712841
ENSG00000213186,TRIM59,EFO_0000685,rheumatoid arthritis,0.053700258
ENSG00000134376,CRB1,EFO_0000685,rheumatoid arthritis,0.053632448
ENSG00000105376,ICAM5,EFO_0000685,rheumatoid arthritis,0.053613959
ENSG00000169679,BUB1,EFO_0000685,rheumatoid arthritis,0.053507456
ENSG00000196968,FUT11,EFO_0000685,rheumatoid arthritis,0.053468935
ENSG00000131143,COX4I1,EFO_0000685,rheumatoid arthritis,0.053467812
ENSG00000141738,GRB7,EFO_0000685,rheumatoid arthritis,0.053400973
ENSG00000197982,C1orf122,EFO_0000685,rheumatoid arthritis,0.053347012
ENSG00000164399,IL3,EFO_0000685,rheumatoid arthritis,0.053089658
ENSG00000170091,NSG2,EFO_0000685,rheumatoid arthritis,0.053014302
ENSG00000169288,MRPL1,EFO_0000685,rheumatoid arthritis,0.052782383
ENSG00000169627,BOLA2B,EFO_0000685,rheumatoid arthritis,0.052006692
ENSG00000134463,ECHDC3,EFO_0000685,rheumatoid arthritis,0.051993648
ENSG00000105538,RASIP1,EFO_0000685,rheumatoid arthritis,0.051522885
ENSG00000110665,C11orf21,EFO_0000685,rheumatoid arthritis,0.051428301
ENSG00000100325,ASCC2,EFO_0000685,rheumatoid arthritis,0.051207623
ENSG00000188452,CERKL,EFO_0000685,rheumatoid arthritis,0.051086637
ENSG00000068885,IFT80,EFO_0000685,rheumatoid arthritis,0.051030381
ENSG00000100902,PSMA6,EFO_0000685,rheumatoid arthritis,0.050641189
ENSG00000115137,DNAJC27,EFO_0000685,rheumatoid arthritis,0.050538212
ENSG00000101246,ARFRP1,EFO_0000685,rheumatoid arthritis,0.050212328
ENSG00000179165,PXT1,EFO_0000685,rheumatoid arthritis,0.050060172
ENSG00000137310,TCF19,EFO_0000685,rheumatoid arthritis,0.049672406
ENSG00000204428,LY6G5C,EFO_0000685,rheumatoid arthritis,0.049641823
ENSG00000105371,ICAM4,EFO_0000685,rheumatoid arthritis,0.049519705
ENSG00000121964,GTDC1,EFO_0000685,rheumatoid arthritis,0.049283708
ENSG00000094975,SUCO,EFO_0000685,rheumatoid arthritis,0.04919168
ENSG00000128342,LIF,EFO_0000685,rheumatoid arthritis,0.049163198
ENSG00000122026,RPL21,EFO_0000685,rheumatoid arthritis,0.049107585
ENSG00000125686,MED1,EFO_0000685,rheumatoid arthritis,0.048668065
ENSG00000019485,PRDM11,EFO_0000685,rheumatoid arthritis,0.048384097
ENSG00000178852,EFCAB13,EFO_0000685,rheumatoid arthritis,0.047723692
ENSG00000111536,IL26,EFO_0000685,rheumatoid arthritis,0.047707332
ENSG00000204410,MSH5,EFO_0000685,rheumatoid arthritis,0.047699388
ENSG00000255152,MSH5-SAPCD1,EFO_0000685,rheumatoid arthritis,0.047699388
ENSG00000142546,NOSIP,EFO_0000685,rheumatoid arthritis,0.047545369
ENSG00000213654,GPSM3,EFO_0000685,rheumatoid arthritis,0.047526888
ENSG00000101624,CEP76,EFO_0000685,rheumatoid arthritis,0.047509677
ENSG00000099381,SETD1A,EFO_0000685,rheumatoid arthritis,0.047327897
ENSG00000102882,MAPK3,EFO_0000685,rheumatoid arthritis,0.04722607
ENSG00000027697,IFNGR1,EFO_0000685,rheumatoid arthritis,0.046590226
ENSG00000076706,MCAM,EFO_0000685,rheumatoid arthritis,0.046210959
ENSG00000145029,NICN1,EFO_0000685,rheumatoid arthritis,0.045948588
ENSG00000204424,LY6G6F,EFO_0000685,rheumatoid arthritis,0.045715059
ENSG00000070047,PHRF1,EFO_0000685,rheumatoid arthritis,0.045511887
ENSG00000103496,STX4,EFO_0000685,rheumatoid arthritis,0.045164003
ENSG00000099814,CEP170B,EFO_0000685,rheumatoid arthritis,0.044901
ENSG00000168394,TAP1,EFO_0000685,rheumatoid arthritis,0.044792371
ENSG00000154727,GABPA,EFO_0000685,rheumatoid arthritis,0.044682479
ENSG00000158406,H4C8,EFO_0000685,rheumatoid arthritis,0.044631259
ENSG00000100319,ZMAT5,EFO_0000685,rheumatoid arthritis,0.044578487
ENSG00000204439,C6orf47,EFO_0000685,rheumatoid arthritis,0.044245524
ENSG00000113048,MRPS27,EFO_0000685,rheumatoid arthritis,0.044163441
ENSG00000204655,MOG,EFO_0000685,rheumatoid arthritis,0.044136627
ENSG00000166507,NDST2,EFO_0000685,rheumatoid arthritis,0.044110266
ENSG00000091490,SEL1L3,EFO_0000685,rheumatoid arthritis,0.044041566
ENSG00000168961,LGALS9,EFO_0000685,rheumatoid arthritis,0.043969482
ENSG00000164111,ANXA5,EFO_0000685,rheumatoid arthritis,0.043855032
ENSG00000151006,PRSS53,EFO_0000685,rheumatoid arthritis,0.04349212
ENSG00000111271,ACAD10,EFO_0000685,rheumatoid arthritis,0.04341247
ENSG00000163462,TRIM46,EFO_0000685,rheumatoid arthritis,0.043073242
ENSG00000204296,TSBP1,EFO_0000685,rheumatoid arthritis,0.043045875
ENSG00000218336,TENM3,EFO_0000685,rheumatoid arthritis,0.043015161
ENSG00000161896,IP6K3,EFO_0000685,rheumatoid arthritis,0.042835478
ENSG00000163606,CD200R1,EFO_0000685,rheumatoid arthritis,0.042656013
ENSG00000145386,CCNA2,EFO_0000685,rheumatoid arthritis,0.041938749
ENSG00000151229,SLC2A13,EFO_0000685,rheumatoid arthritis,0.041632365
ENSG00000140577,CRTC3,EFO_0000685,rheumatoid arthritis,0.04112557
ENSG00000111300,NAA25,EFO_0000685,rheumatoid arthritis,0.04111892
ENSG00000122035,RASL11A,EFO_0000685,rheumatoid arthritis,0.041034212
ENSG00000173093,CCDC63,EFO_0000685,rheumatoid arthritis,0.040991214
ENSG00000106541,AGR2,EFO_0000685,rheumatoid arthritis,0.040924251
ENSG00000250641,LY6G6F-LY6G6D,EFO_0000685,rheumatoid arthritis,0.040882693
ENSG00000166483,WEE1,EFO_0000685,rheumatoid arthritis,0.040874794
ENSG00000142330,CAPN10,EFO_0000685,rheumatoid arthritis,0.040710294
ENSG00000178950,GAK,EFO_0000685,rheumatoid arthritis,0.040461949
ENSG00000120436,GPR31,EFO_0000685,rheumatoid arthritis,0.040320159
ENSG00000169291,SHE,EFO_0000685,rheumatoid arthritis,0.040222854
ENSG00000111245,MYL2,EFO_0000685,rheumatoid arthritis,0.040068545
ENSG00000198799,LRIG2,EFO_0000685,rheumatoid arthritis,0.039991567
ENSG00000197062,ZSCAN26,EFO_0000685,rheumatoid arthritis,0.039920319
ENSG00000148660,CAMK2G,EFO_0000685,rheumatoid arthritis,0.038745274
ENSG00000169231,THBS3,EFO_0000685,rheumatoid arthritis,0.038572576
ENSG00000204421,LY6G6C,EFO_0000685,rheumatoid arthritis,0.038487028
ENSG00000115226,FNDC4,EFO_0000685,rheumatoid arthritis,0.038470029
ENSG00000073861,TBX21,EFO_0000685,rheumatoid arthritis,0.038451925
ENSG00000170500,LONRF2,EFO_0000685,rheumatoid arthritis,0.038431297
ENSG00000138134,STAMBPL1,EFO_0000685,rheumatoid arthritis,0.038254541
ENSG00000183246,RIMBP3C,EFO_0000685,rheumatoid arthritis,0.037972416
ENSG00000161929,SCIMP,EFO_0000685,rheumatoid arthritis,0.037833532
ENSG00000126456,IRF3,EFO_0000685,rheumatoid arthritis,0.037487821
ENSG00000075624,ACTB,EFO_0000685,rheumatoid arthritis,0.037417284
ENSG00000180116,C12orf40,EFO_0000685,rheumatoid arthritis,0.037074313
ENSG00000189134,NKAPL,EFO_0000685,rheumatoid arthritis,0.037036177
ENSG00000204420,MPIG6B,EFO_0000685,rheumatoid arthritis,0.036527705
ENSG00000177981,ASB8,EFO_0000685,rheumatoid arthritis,0.036493652
ENSG00000109323,MANBA,EFO_0000685,rheumatoid arthritis,0.036427853
ENSG00000196391,ZNF774,EFO_0000685,rheumatoid arthritis,0.035933032
ENSG00000185742,C11orf87,EFO_0000685,rheumatoid arthritis,0.035801382
ENSG00000049246,PER3,EFO_0000685,rheumatoid arthritis,0.035787352
ENSG00000174469,CNTNAP2,EFO_0000685,rheumatoid arthritis,0.035564151
ENSG00000197747,S100A10,EFO_0000685,rheumatoid arthritis,0.035424734
ENSG00000132970,WASF3,EFO_0000685,rheumatoid arthritis,0.035075345
ENSG00000165424,ZCCHC24,EFO_0000685,rheumatoid arthritis,0.034846563
ENSG00000125304,TM9SF2,EFO_0000685,rheumatoid arthritis,0.034838954
ENSG00000163239,TDRD10,EFO_0000685,rheumatoid arthritis,0.034808695
ENSG00000116711,PLA2G4A,EFO_0000685,rheumatoid arthritis,0.034716457
ENSG00000167397,VKORC1,EFO_0000685,rheumatoid arthritis,0.03464491
ENSG00000019505,SYT13,EFO_0000685,rheumatoid arthritis,0.03423785
ENSG00000091136,LAMB1,EFO_0000685,rheumatoid arthritis,0.034220477
ENSG00000080603,SRCAP,EFO_0000685,rheumatoid arthritis,0.034218459
ENSG00000164068,RNF123,EFO_0000685,rheumatoid arthritis,0.034137831
ENSG00000185966,LCE3E,EFO_0000685,rheumatoid arthritis,0.034043825
ENSG00000165689,ENTR1,EFO_0000685,rheumatoid arthritis,0.03403513
ENSG00000163661,PTX3,EFO_0000685,rheumatoid arthritis,0.033953976
ENSG00000204308,RNF5,EFO_0000685,rheumatoid arthritis,0.033928104
ENSG00000204394,VARS1,EFO_0000685,rheumatoid arthritis,0.033483071
ENSG00000101367,MAPRE1,EFO_0000685,rheumatoid arthritis,0.033377524
ENSG00000102886,GDPD3,EFO_0000685,rheumatoid arthritis,0.033355941
ENSG00000163795,ZNF513,EFO_0000685,rheumatoid arthritis,0.033186028
ENSG00000126432,PRDX5,EFO_0000685,rheumatoid arthritis,0.033033194
ENSG00000174749,FAM241A,EFO_0000685,rheumatoid arthritis,0.032981268
ENSG00000176986,SEC24C,EFO_0000685,rheumatoid arthritis,0.032967476
ENSG00000131378,RFTN1,EFO_0000685,rheumatoid arthritis,0.032897456
ENSG00000118702,GHRH,EFO_0000685,rheumatoid arthritis,0.032869455
ENSG00000104325,DECR1,EFO_0000685,rheumatoid arthritis,0.032858557
ENSG00000168291,PDHB,EFO_0000685,rheumatoid arthritis,0.032712383
ENSG00000104320,NBN,EFO_0000685,rheumatoid arthritis,0.032690118
ENSG00000121274,TENT4B,EFO_0000685,rheumatoid arthritis,0.032577829
ENSG00000011275,RNF216,EFO_0000685,rheumatoid arthritis,0.032545598
ENSG00000124140,SLC12A5,EFO_0000685,rheumatoid arthritis,0.031895587
ENSG00000178952,TUFM,EFO_0000685,rheumatoid arthritis,0.031860459
ENSG00000077942,FBLN1,EFO_0000685,rheumatoid arthritis,0.031747422
ENSG00000127419,TMEM175,EFO_0000685,rheumatoid arthritis,0.031641073
ENSG00000126458,RRAS,EFO_0000685,rheumatoid arthritis,0.031405242
ENSG00000070886,EPHA8,EFO_0000685,rheumatoid arthritis,0.031358912
ENSG00000120658,ENOX1,EFO_0000685,rheumatoid arthritis,0.031355932
ENSG00000213719,CLIC1,EFO_0000685,rheumatoid arthritis,0.0313309
ENSG00000102738,MRPS31,EFO_0000685,rheumatoid arthritis,0.031282347
ENSG00000183734,ASCL2,EFO_0000685,rheumatoid arthritis,0.031259921
ENSG00000079337,RAPGEF3,EFO_0000685,rheumatoid arthritis,0.031233979
ENSG00000036565,SLC18A1,EFO_0000685,rheumatoid arthritis,0.031224671
ENSG00000131435,PDLIM4,EFO_0000685,rheumatoid arthritis,0.031210752
ENSG00000156831,NSMCE2,EFO_0000685,rheumatoid arthritis,0.031076873
ENSG00000197162,ZNF785,EFO_0000685,rheumatoid arthritis,0.031048634
ENSG00000151135,TMEM263,EFO_0000685,rheumatoid arthritis,0.030665007
ENSG00000142166,IFNAR1,EFO_0000685,rheumatoid arthritis,0.030441289